# 07 MySQL的基本数据类型

## 1 创建表的完整语法

```sql
create table 表名(
    字段名1 类型(宽度) 约束条件,
    字段名2 类型(宽度) 约束条件,
    字段名3 类型(宽度) 约束条件
);
```

- 同一张表中字段名不能重复
- 宽度和约束条件是可选的（可写可不写）
- 约束条件可以写多个

## 2 基础语法

```sql
-- 【1】创建表的时候字段名和字段类型是必须的
mysql> create table t5(id);
-- ERROR 1064 (42000): You have an error in your SQL syntax; check the manual that corresponds to your MySQL server version for the right syntax to use near ')' at line 1

create table t5(id int);
# Query OK, 0 rows affected (0.64 sec)

-- int 类型 的默认长度是 11
mysql> desc t5;
+-------+------+------+-----+---------+-------+
| Field | Type | Null | Key | Default | Extra |
+-------+------+------+-----+---------+-------+
| id    | int  | YES  |     | NULL    |       |
+-------+------+------+-----+---------+-------+
1 row in set (0.00 sec)

-- 【2】最后一个字段不允许加 , 
# 其他额外的字段每个字段之间 加 , 区分
create table t6(
	id int,
    name char,
);
-- ERROR 1064 (42000): You have an error in your SQL syntax; check the manual that corresponds to your MySQL server version for the right syntax to use near ')' at line 4

create table t6(
	id int,
    name char
);
# Query OK, 0 rows affected (0.77 sec)
```

## 3 宽度

- 指对存储数据的长度的限制，默认是1

```sql
create table t7(name char);

insert t7 values('d');
-- Query OK, 1 row affected (0.00 sec)

insert t7 values('dr');
-- ERROR 1406 (22001): Data too long for column 'name' at row 1
```

```sql
mysql> desc t7;
+-------+---------+------+-----+---------+-------+
| Field | Type    | Null | Key | Default | Extra |
+-------+---------+------+-----+---------+-------+
| name  | char(1) | YES  |     | NULL    |       |
+-------+---------+------+-----+---------+-------+
1 row in set (0.00 sec)
```

```sql
create table t8(age int);
-- Query OK, 0 rows affected (0.02 sec)

insert t8 values('dr');
-- ERROR 1366 (HY000): Incorrect integer value: 'dr' for column 'age' at row 1

insert t8 values(2147483647);
-- Query OK, 1 row affected (0.01 sec)

insert t8 values(2147483648);
-- ERROR 1264 (22003): Out of range value for column 'age' at row 1
```

| 整数类型  | 字节 | 无符号数的取值范围     | 有符号数的取值范围                       |
| --------- | ---- | ---------------------- | ---------------------------------------- |
| TINYINT   | 1    | 0~255                  | -128~127                                 |
| SMALLINT  | 2    | 0~65535                | -32768~32767                             |
| MEDIUMINT | 3    | 0~16777215             | -8388608~8388607                         |
| INT       | 4    | 0~4294967295           | -2147483648~2147483647                   |
| BIGINT    | 8    | 0~18446744073709551615 | -9223372036854774808~9223372036854774807 |

```sql
mysql> desc t8;
+-------+------+------+-----+---------+-------+
| Field | Type | Null | Key | Default | Extra |
+-------+------+------+-----+---------+-------+
| age   | int  | YES  |     | NULL    |       |
+-------+------+------+-----+---------+-------+
1 row in set (0.00 sec)
```



## 4 约束条件 null / not null

```sql
-- 限制当前字段在插入数据的时候是否是必须传入的参数
-- null 在插入数据的时候当前字段允许为空
-- not null 在插入数据的时候不能为空为空就会抛出异常
```

```sql
-- null / not null 
create table 表名(
	字段名 字段类型(宽度) 约束条件,
  字段名 字段类型(宽度) 约束条件
);
```

```sql
-- 如果给字段加了 not null 那当前字段就不能为空
-- 如果是 null 插入数据的时候就可以为空

create database day02;
use day02;
create table t1(
	name varchar(25) null,
  age int not null
);
desc t1;

insert into t1(name) values("sheenagh");
-- ERROR 1364 (HY000): Field 'age' doesn't have a default value

insert into t1(age) values(23);
-- Query OK, 1 row affected (0.00 sec)

insert into t1(name,age) values("shell",28);
-- Query OK, 1 row affected (0.00 sec)
```

```sql
mysql> create database day02;
Query OK, 1 row affected (0.00 sec)

mysql> use day02;
Database changed
mysql> create table t1(
    -> name varchar(25) null,
    ->   age int not null
    -> );
Query OK, 0 rows affected (0.01 sec)

mysql> desc t1;
+-------+-------------+------+-----+---------+-------+
| Field | Type        | Null | Key | Default | Extra |
+-------+-------------+------+-----+---------+-------+
| name  | varchar(25) | YES  |     | NULL    |       |
| age   | int(11)     | NO   |     | NULL    |       |
+-------+-------------+------+-----+---------+-------+
2 rows in set (0.00 sec)
```

```sql
mysql> insert into t1(age) values(18);
Query OK, 1 row affected (0.00 sec)

mysql> select * from t1;
+------+-----+
| name | age |
+------+-----+
| NULL |  18 |
+------+-----+
1 row in set (0.00 sec)

mysql> insert into t1(name,age) values("shell",28);
Query OK, 1 row affected (0.00 sec)

mysql> select * from t1;
+-----------+-----+
| name      | age |
+-----------+-----+
| NULL      |  18 |
| shell     |  28 |
+-----------+-----+
2 rows in set (0.00 sec)
```



## 5 宽度和约束条件之间的联系

- 宽度是用来限制数据的存储
- 约束条件是在宽度的基础上增加的额外的约束



## 6 严格模式

### 6.1 什么是严格模式

```sql
-- 严格模式就是在数据库操作数据的时候为了保障数据的安全性指定的一些规则
-- 有一些规则是强制性的 有一些不是必须强制性的
-- 如果不适用严格模式 某些情况下可能就会造成数据的错乱
```

### 6.2 查看严格模式 

```sql
show variables like "%mode%";
```

```sql
mysql> show variables like "%mode%";
+--------------------------+-------------------------------------------------------------------------------------------------------------------------------------------+
| Variable_name            | Value                                                                                                                                     |
+--------------------------+-------------------------------------------------------------------------------------------------------------------------------------------+
| block_encryption_mode    | aes-128-ecb                                                                                                                               |
| gtid_mode                | OFF                                                                                                                                       |
| innodb_autoinc_lock_mode | 1                                                                                                                                         |
| innodb_strict_mode       | ON                                                                                                                                        |
| offline_mode             | OFF                                                                                                                                       |
| pseudo_slave_mode        | OFF                                                                                                                                       |
| rbr_exec_mode            | STRICT                                                                                                                                    |
| slave_exec_mode          | STRICT                                                                                                                                    |
| sql_mode                 | ONLY_FULL_GROUP_BY,STRICT_TRANS_TABLES,NO_ZERO_IN_DATE,NO_ZERO_DATE,ERROR_FOR_DIVISION_BY_ZERO,NO_AUTO_CREATE_USER,NO_ENGINE_SUBSTITUTION |
+--------------------------+-------------------------------------------------------------------------------------------------------------------------------------------+
9 rows in set (0.00 sec)
```

### 6.3 去除严格模式

```sql
-- 临时性去除 严格膜式
-- 在重启客户端的时候修改会自动消失
set sessison sql_mode="严格模式";

-- 永久性去除严格模式
-- 每一次重启都不会发生更改
set global sql_mode="严格模式";

-- 注意事项：
	-- 修改严格模式的时候一定要在原本的基础上修改
  -- 原本有5个删了一个 现在写的 sql_mode 就要带上原本的四个
```



## 7 基本数据类型之整型

```sql
-- 整型默认是不带符号的
-- 整型 () 里面的作用是什么？限制存储数据的范围
```

```sql
-- tinyint smallint mediumint int bigint
```

| 整数类型  | 字节 | 无符号数的取值范围     | 有符号数的取值范围                       |
| --------- | ---- | ---------------------- | ---------------------------------------- |
| TINYINT   | 1    | 0~255                  | -128~127                                 |
| SMALLINT  | 2    | 0~65535                | -32768~32767                             |
| MEDIUMINT | 3    | 0~16777215             | -8388608~8388607                         |
| INT       | 4    | 0~4294967295           | -2147483648~2147483647                   |
| BIGINT    | 8    | 0~18446744073709551615 | -9223372036854774808~9223372036854774807 |

```sql
-- 整型的作用就是为了表示 年龄/ID/等级/号码 ... 
```

```sql
-- 测试当前有符号范围的含义
create table t2(age tinyint);

insert into t2 values(-128);
-- Query OK, 1 row affected (0.00 sec)
insert into t2 values(127);
-- Query OK, 1 row affected (0.00 sec)

insert into t2 values(-129);
-- ERROR 1264 (22003): Out of range value for column 'age' at row 1
insert into t2 values(128);
-- ERROR 1264 (22003): Out of range value for column 'age' at row 1


mysql> desc t2;
+-------+---------+------+-----+---------+-------+
| Field | Type    | Null | Key | Default | Extra |
+-------+---------+------+-----+---------+-------+
| age   | tinyint | YES  |     | NULL    |       |
+-------+---------+------+-----+---------+-------+
1 row in set (0.00 sec)
```

```sql
-- 测试当前无符号的范围 -- 无符号在创建字段的时候要加约束条件 unsigned
create table t3(age tinyint unsigned);

insert into t3 values(0);
-- Query OK, 1 row affected (0.00 sec)
insert into t3 values(255);
-- Query OK, 1 row affected (0.00 sec)

insert into t3 values(-1);
-- ERROR 1264 (22003): Out of range value for column 'age' at row 1
insert into t3 values(256);
-- ERROR 1264 (22003): Out of range value for column 'age' at row 1

mysql> desc t3;
+-------+---------------------+------+-----+---------+-------+
| Field | Type                | Null | Key | Default | Extra |
+-------+---------------------+------+-----+---------+-------+
| age   | tinyint(3) unsigned | YES  |     | NULL    |       |
+-------+---------------------+------+-----+---------+-------+
1 row in set (0.00 sec)
```



```sql
create table t4(age int(8));

insert into t4 values(12345678);

-- 2147483647 十位
insert into t4 values(123456789);
```

```sql
mysql> desc t4;
+-------+--------+------+-----+---------+-------+
| Field | Type   | Null | Key | Default | Extra |
+-------+--------+------+-----+---------+-------+
| age   | int(8) | YES  |     | NULL    |       |
+-------+--------+------+-----+---------+-------+
1 row in set (0.00 sec)

mysql> insert into t4 values(12345678);
Query OK, 1 row affected (0.00 sec)

mysql> select * from t4;
+----------+
| age      |
+----------+
| 12345678 |
+----------+
1 row in set (0.00 sec)

mysql> insert into t4 values(123456789);
Query OK, 1 row affected (0.00 sec)

mysql>
mysql> select * from t4;
+-----------+
| age       |
+-----------+
|  12345678 |
| 123456789 |
+-----------+
2 rows in set (0.00 sec)
```

```sql
-- 对于整型来说 在整型后面的 数字表示的是当前的范围而不是长度
-- 如果给了默认长度 没有超出8位 就会用0填充至8位，如果超了就使用超出的长度
```

```sql
-- 在我们约定好是 8位的情况下发现插入7位不会用0填充
-- 补充一个约束条件 zerofill 会让当前的值默认用 0 填充至指定长度
-- 修改表的字段的条件
alter table 表名 modify 字段名 字段类型 约束条件;
alter table 表名 change 字段名 字段类型 约束条件;

alter table t4 modify age int(8) unsigned zerofill;
```

```sql
mysql> desc t4;
+-------+--------+------+-----+---------+-------+
| Field | Type   | Null | Key | Default | Extra |
+-------+--------+------+-----+---------+-------+
| age   | int(8) | YES  |     | NULL    |       |
+-------+--------+------+-----+---------+-------+
1 row in set (0.00 sec)

mysql> insert into t4 values(1234567);
Query OK, 1 row affected (0.00 sec)

mysql> select * from t4;
+-----------+
| age       |
+-----------+
|  12345678 |
| 123456789 |
|   1234567 |
+-----------+
3 rows in set (0.00 sec)

mysql> alter table t4 modify age int(8) unsigned zerofill;
Query OK, 3 rows affected (0.02 sec)
Records: 3  Duplicates: 0  Warnings: 0

mysql> desc t4;
+-------+--------------------------+------+-----+---------+-------+
| Field | Type                     | Null | Key | Default | Extra |
+-------+--------------------------+------+-----+---------+-------+
| age   | int(8) unsigned zerofill | YES  |     | NULL    |       |
+-------+--------------------------+------+-----+---------+-------+
1 row in set (0.00 sec)mysql> alter table t4 modify age int(8) unsigned zerofill;
Query OK, 3 rows affected (0.02 sec)
Records: 3  Duplicates: 0  Warnings: 0

mysql> select * from t4;
+-----------+
| age       |
+-----------+
|  12345678 |
| 123456789 |
|  01234567 |
+-----------+
3 rows in set (0.00 sec)
```

- 小结

```sql
-- 整型：tinyint smallint mediumint int bigint
-- 整型后面的数字是用来限制当前展示长度的
-- 无符号约束条件 unsigned : 会让整型调整存储的数值区间 并且只能存正数
-- 0填充约束条件 zerofill : 如果加了 这个约束条件 在没有达到长度的时候会默认使用 0 填充至指定的长度
-- 使用的mysql8.0后版本 有点差异
```

## 8 数据类型之浮点型

```sql
-- 分为三类 : float double decimal
```

| 数据类型 | 字节数           | 取值范围                                |
| -------- | ---------------- | --------------------------------------- |
| FLOAT    | 4                | -2^128~2 ^128，即-3.40E+38~+3.40E+38    |
| DOUBLE   | 8                | -2^1024~ 2^1024，即-1.79E+308~1.79E+308 |
| DECIMAL  | 设置位数和精度。 | 65 ~ 30                                 |

```sql
float(255,30) 
# 总共有 255 位 ，小数部分占 30 位

double(255,30)
# 总共有 255 位 ，小数部分占 30 位

decimal(65,30)
# 总共有64位 小数部分占30位
```

```sql
-- 创建一张表
create table t5(id float(255,30));
create table t6(id double(255,30));
create table t7(id decimal(65,30));

-- 插入数据 小数位是 22 位
insert into t5 values(1.1111111111111111111111);
insert into t6 values(1.1111111111111111111111);
insert into t7 values(1.1111111111111111111111);

# Query OK, 1 row affected (0.17 sec)
# Query OK, 1 row affected (0.12 sec)
# Query OK, 1 row affected (0.19 sec)

-- 查看当前插入的数据
# 原始数据 -- 22位
1.1111111111111111111111

# 插入之后 float 前 7 位是正常的 后 23 位开始变得不一样
1.111111164093017600000000000000

# 插入之后 double 前 15 位是正常的 后 15 位开始变得不一样
1.111111111111111200000000000000

# 插入之后 decimal 前 22 位是正常的 后 8 位开始变得不一样
1.111111111111111111111100000000


insert into t5 values(1.1111111111111111111111);
insert into t6 values(1.1111111111111111111111);
insert into t7 values(1.1111111111111111111111);
```

```sql
mysql> create table t5(id float(255,30));
Query OK, 0 rows affected (0.01 sec)

mysql> create table t6(id double(255,30));
Query OK, 0 rows affected (0.01 sec)

mysql> create table t7(id decimal(65,30));
Query OK, 0 rows affected (0.02 sec)

mysql> desc t5;
+-------+---------------+------+-----+---------+-------+
| Field | Type          | Null | Key | Default | Extra |
+-------+---------------+------+-----+---------+-------+
| id    | float(255,30) | YES  |     | NULL    |       |
+-------+---------------+------+-----+---------+-------+
1 row in set (0.01 sec)

mysql> desc t6;
+-------+----------------+------+-----+---------+-------+
| Field | Type           | Null | Key | Default | Extra |
+-------+----------------+------+-----+---------+-------+
| id    | double(255,30) | YES  |     | NULL    |       |
+-------+----------------+------+-----+---------+-------+
1 row in set (0.01 sec)

mysql> desc t7;
+-------+----------------+------+-----+---------+-------+
| Field | Type           | Null | Key | Default | Extra |
+-------+----------------+------+-----+---------+-------+
| id    | decimal(65,30) | YES  |     | NULL    |       |
+-------+----------------+------+-----+---------+-------+
1 row in set (0.00 sec)
```

```sql
-- 精确度就是小数后面可以保留多少位的小数

-- 可以很明显的发现每一个类型的精确度有明显的区别
-- float < double < decimal
-- 虽然每个类型的精确度不一，但是可以根据实际情况选择对应的数据类型
```



## 9 基本数据类型之字符类型

```sql
-- 分为两类 : char varchar
-- 在以前的时候喜欢用 char 现在基本上都用 varchar 
```

```sql
-- char 和 varchar 的区别
-- char 类型插入的时候可以不指定默认长度 默认长度是 1 
create table t8(name char);
-- Query OK, 0 rows affected (0.01 sec

-- 在插入 varchar 的时候要指定长度 (强制性的)
create table t9(name varchar);
-- ERROR 1064 (42000): You have an error in your SQL syntax; check the manual that corresponds to your MySQL server version for the right syntax to use near ')' at line 1

create table t9(name varchar(1));
-- Query OK, 0 rows affected (0.01 sec

mysql> desc t8;
+-------+---------+------+-----+---------+-------+
| Field | Type    | Null | Key | Default | Extra |
+-------+---------+------+-----+---------+-------+
| name  | char(1) | YES  |     | NULL    |       |
+-------+---------+------+-----+---------+-------+
1 row in set (0.00 sec)

mysql> desc t9;
+-------+---------+------+-----+---------+-------+
| Field | Type    | Null | Key | Default | Extra |
+-------+---------+------+-----+---------+-------+
| name  | varchar(1) | YES  |     | NULL    |       |
+-------+---------+------+-----+---------+-------+
1 row in set (0.00 sec)
```

```sql
insert into t8 values("a");
-- Query OK, 1 row affected (0.00 sec)
insert into t8 values("ab");
-- ERROR 1406 (22001): Data too long for column 'name' at row 1

insert into t9 values("a");
-- Query OK, 1 row affected (0.00 sec)
insert into t9 values("ab");
-- ERROR 1406 (22001): Data too long for column 'name' at row 1
```

```sql
-- 在字符类型的后面的数字是用来限制插入的字符的长度的
-- char 类型有默认长度是1 varchar 类型没有默认长度必须强制指定长度
```

```sql
-- char_length : 统计字符长度
select char_length(字段名) from 表名;

-- 修改默认长度为4
alter table t8 modify name char(4);
alter table t9 modify name varchar(4);
```

```sql
mysql> alter table t8 modify name char(4);
Query OK, 1 row affected (0.02 sec)
Records: 1  Duplicates: 0  Warnings: 0

mysql> alter table t9 modify name varchar(4);
Query OK, 0 rows affected (0.00 sec)
Records: 0  Duplicates: 0  Warnings: 0

mysql> desc t8;
+-------+---------+------+-----+---------+-------+
| Field | Type    | Null | Key | Default | Extra |
+-------+---------+------+-----+---------+-------+
| name  | char(4) | YES  |     | NULL    |       |
+-------+---------+------+-----+---------+-------+
1 row in set (0.00 sec)

mysql> desc t9;
+-------+------------+------+-----+---------+-------+
| Field | Type       | Null | Key | Default | Extra |
+-------+------------+------+-----+---------+-------+
| name  | varchar(4) | YES  |     | NULL    |       |
+-------+------------+------+-----+---------+-------+
1 row in set (0.00 sec)
```

```sql
-- char_length : 统计字符长度
select char_length(name) from t8;
select char_length(name) from t9;

-- 查看数据后我们会发现 查出来的长度都是1位
-- char在硬盘上存储的数据是真正的数据带空格，但MySQL会自动将空格去掉
```

````sql
mysql> select char_length(name) from t8;
+-------------------+
| char_length(name) |
+-------------------+
|                 1 |
+-------------------+
1 row in set (0.00 sec)

mysql> select char_length(name) from t9;
+-------------------+
| char_length(name) |
+-------------------+
|                 1 |
+-------------------+
1 row in set (0.00 sec)
````

```sql
-- 去除 自动去除 char 空格  的严格模式
-- 查看现在有的严格模式
show variables like "%mode";
-- | sql_mode                 | ONLY_FULL_GROUP_BY,STRICT_TRANS_TABLES,NO_ZERO_IN_DATE,NO_ZERO_DATE,ERROR_FOR_DIVISION_BY_ZERO,NO_AUTO_CREATE_USER,NO_ENGINE_SUBSTITUTION |

-- 修改严格模式 --- 要在原有的基础上进行新增或删除
-- 加了一个严格模式 PAD_CHAR_TO_FULL_LENGTH
-- set session 临时性修改 退出客户端重新进入就会消失
set session sql_mode = 'ONLY_FULL_GROUP_BY,STRICT_TRANS_TABLES,NO_ZERO_IN_DATE,NO_ZERO_DATE,ERROR_FOR_DIVISION_BY_ZERO,NO_AUTO_CREATE_USER,NO_ENGINE_SUBSTITUTION,PAD_CHAR_TO_FULL_LENGTH';

# Query OK, 0 rows affected (0.00 sec)

-- 在修改严格模式后再查看 char类型字段的字符长度的时候发现就变成了 4 
-- 因为会将原本的空格换回来 填充之 约定好的字符长度
```

```sql
mysql> select char_length(name) from t8;
+-------------------+
| char_length(name) |
+-------------------+
|                 4 |
+-------------------+
1 row in set (0.00 sec)

mysql> select char_length(name) from t9;
+-------------------+
| char_length(name) |
+-------------------+
|                 1 |
+-------------------+
1 row in set (0.00 sec)

mysql> select * from t8;
+------+
| name |
+------+
| a    |
+------+
1 row in set (0.00 sec)

mysql> select * from t9;
+------+
| name |
+------+
| a    |
+------+
1 row in set (0.00 sec)
```

```sql
-- 小结：为什么以前用char 现在用 varchar
（1）char
● 缺点：浪费空间
● 优点：存储简单 
  ○ 直接按照固定的字符存储数据即可
（2）varchar
● 优点：节省空间
● 缺点：存储麻烦 
  ○ 存的时候，在真正数据的前面加报头（表示数据真正大小）
  ○ 取的时候，需要先读取报头，才能读取真实的数据
以前用 char 现在 varchar 使用较多
```



## 10 基本数据类型之日期时间类型

```sql
date : 年月日
datetime : 年月日时分秒
time : 时分秒
year : 年
```

````sql
create table t10 (
	id int,
  born_year year,
  birth date,
  study_time time,
  register_time datetime
);

-- 插入数据
insert into t10 values(
	1,
  "2000",
  "2000-3-6",
  "11:11:11",
  "2024-9-6 11:50:50"
);


insert into t10 values(
	1,
  "2000",
  "2000/3/6",
  "11:11:11",
  "2024-9-6 11:50:50"
);

insert into t10 values(
	1,
  "2000",
  "2000+3+6",
  "11:11:11",
  "2024-9-6 11:50:50"
);

insert into t10 values(
	1,
  "2000",
  "2000:3:6",
  "11:11:11",
  "2024-9-6 11:50:50"
);

# 最后这个无效 - / + :都可以 可能会被转换or解析为-
insert into t10 values(
	1,
  "2000",
  "2000:6",
  "11:11:11",
  "2024-9-6 11:50:50"
);

````

```sql
mysql> create table t10 (
    -> id int,
    ->   born_year year,
    ->   birth date,
    ->   study_time time,
    ->   register_time datetime
    -> );
Query OK, 0 rows affected (0.02 sec)

mysql> desc t10;
+---------------+----------+------+-----+---------+-------+
| Field         | Type     | Null | Key | Default | Extra |
+---------------+----------+------+-----+---------+-------+
| id            | int(11)  | YES  |     | NULL    |       |
| born_year     | year(4)  | YES  |     | NULL    |       |
| birth         | date     | YES  |     | NULL    |       |
| study_time    | time     | YES  |     | NULL    |       |
| register_time | datetime | YES  |     | NULL    |       |
+---------------+----------+------+-----+---------+-------+
5 rows in set (0.00 sec)
```

```sql
-- 在插入时间日期类型的字段的值的时候 要符合当前字段约束的每一个组成部分
-- 中间的连接符 没有影响
-- 插入到数据库中的数据会被自动格式化成统一的格式
```



## 11 数据类型之枚举

````sql
-- 在Python中有一个内置函数 enumeriate ---> 传入一个可迭代类型 自动创建索引
-- MySQL中的枚举类型的含义是从多个候选项中选一个
````

```sql
create table user(
	id int ,
  name varchar(25),
  gender enum("male","female","other")
);


insert into user values(1,"sheenagh","female");
-- 这种方式 100% 插不进去
insert into user values(1,"sheenagh","female","male");
-- ERROR 1136 (21S01): Column count doesn't match value count at row 1

insert into user values(1,"sheenagh","male,female");
-- ERROR 1265 (01000): Data truncated for column 'gender' at row 1
```

```sql
mysql> create table user(
    -> id int ,
    ->   name varchar(25),
    ->   gender enum("male","female","other")
    -> );
Query OK, 0 rows affected (0.01 sec)

mysql> desc user;
+--------+-------------------------------+------+-----+---------+-------+
| Field  | Type                          | Null | Key | Default | Extra |
+--------+-------------------------------+------+-----+---------+-------+
| id     | int(11)                       | YES  |     | NULL    |       |
| name   | varchar(25)                   | YES  |     | NULL    |       |
| gender | enum('male','female','other') | YES  |     | NULL    |       |
+--------+-------------------------------+------+-----+---------+-------+
3 rows in set (0.00 sec)
```



## 12 数据类型之集合

```sql
-- 多选多

create table teacher(
	  id int,
    name varchar(16),
    gender enum('male','female','others'),
    hobby set('read books','listen music','play games')
);

insert into teacher values(1,"sheenagh","female","read books");

insert into teacher values(1,"sheenagh","female","read books,listen music");
```



